account_id,event_date,event_type
ACC-0001,2025-08-05,integration_connected
ACC-0001,2025-08-08,workspace_configured
ACC-0002,2025-03-16,workspace_configured
ACC-0002,2025-03-26,integration_connected
ACC-0003,2025-09-14,workspace_configured
ACC-0003,2025-09-22,integration_connected
ACC-0004,2025-07-29,workspace_configured
ACC-0005,2024-09-05,workspace_configured
ACC-0005,2024-09-12,integration_connected
ACC-0006,2025-10-04,workspace_configured
ACC-0006,2025-10-04,integration_connected
ACC-0007,2025-08-18,workspace_configured
ACC-0008,2025-09-02,workspace_configured
ACC-0009,2024-09-05,workspace_configured
ACC-0009,2024-09-09,integration_connected
ACC-0010,2025-04-01,workspace_configured
ACC-0010,2025-04-08,integration_connected
ACC-0011,2025-02-10,workspace_configured
ACC-0011,2025-02-11,integration_connected
ACC-0012,2025-10-20,workspace_configured
ACC-0012,2025-10-20,integration_connected
ACC-0013,2025-06-20,workspace_configured
ACC-0013,2025-06-22,integration_connected
ACC-0014,2025-08-31,workspace_configured
ACC-0015,2025-04-11,workspace_configured
ACC-0016,2024-11-06,workspace_configured
ACC-0016,2024-11-14,integration_connected
ACC-0017,2025-05-09,integration_connected
ACC-0017,2025-05-12,workspace_configured
ACC-0018,2024-08-13,workspace_configured
ACC-0018,2024-08-15,integration_connected
ACC-0019,2025-08-08,integration_connected
ACC-0019,2025-08-12,workspace_configured
ACC-0020,2025-06-09,workspace_configured
ACC-0020,2025-06-19,integration_connected
ACC-0021,2025-07-14,workspace_configured
ACC-0021,2025-07-15,integration_connected
ACC-0022,2025-02-22,workspace_configured
ACC-0022,2025-02-28,integration_connected
ACC-0023,2025-10-19,workspace_configured
ACC-0024,2025-09-28,workspace_configured
ACC-0024,2025-10-01,integration_connected
ACC-0025,2025-08-25,workspace_configured
ACC-0025,2025-08-29,integration_connected
ACC-0026,2024-12-04,workspace_configured
ACC-0027,2025-03-06,workspace_configured
ACC-0027,2025-03-10,integration_connected
ACC-0028,2024-08-30,integration_connected
ACC-0028,2024-09-03,workspace_configured
ACC-0029,2024-11-02,workspace_configured
ACC-0030,2025-07-23,workspace_configured
ACC-0031,2025-08-05,workspace_configured
ACC-0032,2025-10-31,workspace_configured
ACC-0032,2025-11-06,integration_connected
ACC-0033,2025-01-31,workspace_configured
ACC-0034,2025-02-09,workspace_configured
ACC-0034,2025-02-11,integration_connected
ACC-0035,2025-03-14,workspace_configured
ACC-0035,2025-03-22,integration_connected
ACC-0036,2024-11-10,workspace_configured
ACC-0036,2024-11-14,integration_connected
ACC-0037,2024-09-29,integration_connected
ACC-0037,2024-10-01,workspace_configured
ACC-0038,2025-04-16,workspace_configured
ACC-0038,2025-04-16,integration_connected
ACC-0039,2024-11-11,integration_connected
ACC-0039,2024-11-15,workspace_configured
ACC-0040,2025-06-18,workspace_configured
ACC-0040,2025-06-20,integration_connected
ACC-0041,2025-03-17,workspace_configured
ACC-0041,2025-03-23,integration_connected
ACC-0042,2025-08-22,workspace_configured
ACC-0043,2025-07-27,integration_connected
ACC-0043,2025-07-31,workspace_configured
ACC-0044,2025-01-26,integration_connected
ACC-0044,2025-01-28,workspace_configured
ACC-0045,2025-08-24,integration_connected
ACC-0045,2025-08-29,workspace_configured
ACC-0046,2025-09-06,workspace_configured
ACC-0047,2025-02-14,workspace_configured
ACC-0047,2025-02-22,integration_connected
ACC-0048,2024-12-22,workspace_configured
ACC-0048,2024-12-24,integration_connected
ACC-0049,2025-06-25,workspace_configured
ACC-0050,2024-10-12,workspace_configured
ACC-0050,2024-10-12,integration_connected
ACC-0051,2024-11-12,workspace_configured
ACC-0052,2024-07-12,workspace_configured
ACC-0052,2024-07-12,integration_connected
ACC-0053,2025-08-15,workspace_configured
ACC-0053,2025-08-23,integration_connected
ACC-0054,2025-06-14,workspace_configured
ACC-0055,2025-07-10,workspace_configured
ACC-0055,2025-07-14,integration_connected
ACC-0056,2025-08-25,workspace_configured
ACC-0056,2025-09-06,integration_connected
ACC-0057,2025-03-18,workspace_configured
ACC-0057,2025-03-18,integration_connected
ACC-0058,2025-05-18,integration_connected
ACC-0058,2025-05-22,workspace_configured
ACC-0059,2024-10-18,integration_connected
ACC-0059,2024-10-20,workspace_configured
ACC-0060,2024-09-24,workspace_configured
ACC-0060,2024-10-02,integration_connected
ACC-0061,2025-06-27,workspace_configured
ACC-0061,2025-07-03,integration_connected
ACC-0062,2025-03-21,workspace_configured
ACC-0063,2025-05-26,workspace_configured
ACC-0063,2025-05-26,integration_connected
ACC-0064,2025-08-12,workspace_configured
ACC-0064,2025-08-24,integration_connected
ACC-0065,2025-07-08,workspace_configured
ACC-0066,2025-05-17,workspace_configured
ACC-0066,2025-05-17,integration_connected
ACC-0067,2025-05-20,workspace_configured
ACC-0068,2025-01-25,workspace_configured
ACC-0068,2025-02-02,integration_connected
ACC-0069,2024-07-27,workspace_configured
ACC-0070,2025-03-24,integration_connected
ACC-0070,2025-03-29,workspace_configured
ACC-0071,2024-11-03,workspace_configured
ACC-0071,2024-11-08,integration_connected
ACC-0072,2025-02-10,workspace_configured
ACC-0072,2025-02-12,integration_connected
ACC-0073,2025-09-24,workspace_configured
ACC-0073,2025-09-25,integration_connected
ACC-0074,2024-12-04,workspace_configured
ACC-0074,2024-12-07,integration_connected
ACC-0075,2024-08-13,workspace_configured
ACC-0075,2024-08-19,integration_connected
ACC-0076,2024-12-10,workspace_configured
ACC-0076,2024-12-11,integration_connected
ACC-0077,2025-01-10,workspace_configured
ACC-0077,2025-01-20,integration_connected
ACC-0078,2025-06-26,workspace_configured
ACC-0078,2025-06-30,integration_connected
ACC-0079,2025-06-09,workspace_configured
ACC-0080,2025-08-17,workspace_configured
ACC-0081,2025-06-17,workspace_configured
ACC-0081,2025-06-20,integration_connected
ACC-0082,2025-02-10,workspace_configured
ACC-0082,2025-02-19,integration_connected
ACC-0083,2025-08-12,workspace_configured
ACC-0083,2025-08-17,integration_connected
ACC-0084,2024-10-28,workspace_configured
ACC-0084,2024-10-31,integration_connected
ACC-0085,2024-07-19,workspace_configured
ACC-0085,2024-07-24,integration_connected
ACC-0086,2024-09-13,workspace_configured
ACC-0086,2024-09-13,integration_connected
ACC-0087,2025-07-24,workspace_configured
ACC-0087,2025-07-31,integration_connected
ACC-0088,2025-03-19,workspace_configured
ACC-0088,2025-03-20,integration_connected
ACC-0089,2024-10-04,integration_connected
ACC-0089,2024-10-07,workspace_configured
ACC-0090,2025-04-16,integration_connected
ACC-0090,2025-04-18,workspace_configured
ACC-0091,2024-10-09,workspace_configured
ACC-0091,2024-10-10,integration_connected
ACC-0092,2025-07-09,integration_connected
ACC-0092,2025-07-14,workspace_configured
ACC-0093,2025-04-17,workspace_configured
ACC-0094,2025-03-03,workspace_configured
ACC-0095,2025-01-08,workspace_configured
ACC-0095,2025-01-08,integration_connected
ACC-0096,2025-06-24,workspace_configured
ACC-0096,2025-07-06,integration_connected
ACC-0097,2025-02-18,workspace_configured
ACC-0097,2025-02-23,integration_connected
ACC-0098,2024-09-29,integration_connected
ACC-0098,2024-10-01,workspace_configured
ACC-0099,2024-09-26,integration_connected
ACC-0099,2024-09-27,workspace_configured
ACC-0100,2025-10-12,workspace_configured
ACC-0100,2025-10-13,integration_connected
ACC-0101,2025-09-20,integration_connected
ACC-0101,2025-09-22,workspace_configured
ACC-0102,2025-07-23,workspace_configured
ACC-0103,2024-12-21,workspace_configured
ACC-0103,2025-01-02,integration_connected
ACC-0104,2025-10-12,workspace_configured
ACC-0104,2025-10-17,integration_connected
ACC-0105,2025-08-12,integration_connected
ACC-0105,2025-08-17,workspace_configured
ACC-0106,2025-07-10,workspace_configured
ACC-0106,2025-07-16,integration_connected
ACC-0107,2025-03-16,workspace_configured
ACC-0107,2025-03-21,integration_connected
ACC-0108,2024-12-20,workspace_configured
ACC-0109,2024-09-07,workspace_configured
ACC-0109,2024-09-07,integration_connected
ACC-0110,2025-09-28,integration_connected
ACC-0110,2025-09-29,workspace_configured
ACC-0111,2025-03-06,workspace_configured
ACC-0111,2025-03-06,integration_connected
ACC-0112,2024-11-26,workspace_configured
ACC-0112,2024-12-01,integration_connected
ACC-0113,2025-01-22,workspace_configured
ACC-0114,2025-06-08,workspace_configured
ACC-0115,2024-10-10,workspace_configured
ACC-0115,2024-10-22,integration_connected
ACC-0116,2025-10-05,workspace_configured
ACC-0117,2025-08-25,workspace_configured
ACC-0118,2025-07-20,workspace_configured
ACC-0118,2025-07-27,integration_connected
ACC-0119,2025-03-21,workspace_configured
ACC-0119,2025-03-21,integration_connected
ACC-0120,2025-06-23,workspace_configured
ACC-0120,2025-06-27,integration_connected
ACC-0121,2025-05-13,workspace_configured
ACC-0121,2025-05-18,integration_connected
ACC-0122,2025-06-19,workspace_configured
ACC-0122,2025-06-26,integration_connected
ACC-0123,2024-08-26,workspace_configured
ACC-0123,2024-08-31,integration_connected
ACC-0124,2025-03-14,workspace_configured
ACC-0124,2025-03-21,integration_connected
ACC-0125,2024-07-16,workspace_configured
ACC-0125,2024-07-18,integration_connected
ACC-0126,2025-04-08,integration_connected
ACC-0126,2025-04-12,workspace_configured
ACC-0127,2025-01-13,workspace_configured
ACC-0127,2025-01-21,integration_connected
ACC-0128,2024-10-05,workspace_configured
ACC-0128,2024-10-08,integration_connected
ACC-0129,2024-09-15,workspace_configured
ACC-0130,2025-06-05,workspace_configured
ACC-0131,2024-10-23,workspace_configured
ACC-0132,2025-10-20,integration_connected
ACC-0132,2025-10-22,workspace_configured
ACC-0133,2025-05-30,workspace_configured
ACC-0133,2025-06-04,integration_connected
ACC-0134,2025-01-29,workspace_configured
ACC-0134,2025-02-07,integration_connected
ACC-0135,2025-05-06,workspace_configured
ACC-0135,2025-05-07,integration_connected
ACC-0136,2024-07-13,workspace_configured
ACC-0136,2024-07-15,integration_connected
ACC-0137,2025-10-21,workspace_configured
ACC-0138,2025-04-17,integration_connected
ACC-0138,2025-04-19,workspace_configured
ACC-0139,2025-09-14,workspace_configured
ACC-0140,2024-08-09,workspace_configured
ACC-0140,2024-08-17,integration_connected
ACC-0141,2025-04-07,workspace_configured
ACC-0141,2025-04-12,integration_connected
ACC-0142,2025-04-14,workspace_configured
ACC-0142,2025-04-18,integration_connected
ACC-0143,2025-11-18,workspace_configured
ACC-0144,2025-05-06,workspace_configured
ACC-0144,2025-05-12,integration_connected
ACC-0145,2025-03-15,integration_connected
ACC-0145,2025-03-19,workspace_configured
ACC-0146,2024-12-11,integration_connected
ACC-0146,2024-12-12,workspace_configured
ACC-0147,2025-01-11,workspace_configured
ACC-0147,2025-01-12,integration_connected
ACC-0148,2025-05-22,workspace_configured
ACC-0149,2025-03-02,workspace_configured
ACC-0149,2025-03-10,integration_connected
ACC-0150,2024-07-14,workspace_configured
ACC-0150,2024-07-17,integration_connected
ACC-0151,2025-08-27,workspace_configured
ACC-0151,2025-09-06,integration_connected
ACC-0152,2025-09-28,workspace_configured
ACC-0153,2024-10-06,integration_connected
ACC-0153,2024-10-08,workspace_configured
ACC-0154,2025-05-30,workspace_configured
ACC-0155,2024-10-01,workspace_configured
ACC-0155,2024-10-03,integration_connected
ACC-0156,2025-06-12,workspace_configured
ACC-0156,2025-06-23,integration_connected
ACC-0157,2024-12-16,workspace_configured
ACC-0157,2024-12-19,integration_connected
ACC-0158,2025-07-05,workspace_configured
ACC-0159,2025-07-19,workspace_configured
ACC-0159,2025-07-22,integration_connected
ACC-0160,2025-08-11,workspace_configured
ACC-0160,2025-08-12,integration_connected
ACC-0161,2024-09-26,workspace_configured
ACC-0161,2024-10-05,integration_connected
ACC-0162,2025-09-29,workspace_configured
ACC-0162,2025-10-09,integration_connected
ACC-0163,2024-11-10,workspace_configured
ACC-0163,2024-11-13,integration_connected
ACC-0164,2024-08-06,workspace_configured
ACC-0165,2025-05-25,workspace_configured
ACC-0165,2025-05-31,integration_connected
ACC-0166,2025-02-27,workspace_configured
ACC-0166,2025-02-28,integration_connected
ACC-0167,2025-08-17,workspace_configured
ACC-0167,2025-08-17,integration_connected
ACC-0168,2025-08-15,workspace_configured
ACC-0168,2025-08-16,integration_connected
ACC-0169,2025-01-27,workspace_configured
ACC-0169,2025-01-28,integration_connected
ACC-0170,2025-10-23,workspace_configured
ACC-0171,2024-12-24,workspace_configured
ACC-0171,2025-01-01,integration_connected
ACC-0172,2025-04-26,workspace_configured
ACC-0172,2025-05-07,integration_connected
ACC-0173,2025-01-08,workspace_configured
ACC-0174,2025-10-14,integration_connected
ACC-0174,2025-10-16,workspace_configured
ACC-0175,2024-10-20,workspace_configured
ACC-0175,2024-10-26,integration_connected
ACC-0176,2024-08-26,workspace_configured
ACC-0177,2025-03-30,workspace_configured
ACC-0177,2025-04-08,integration_connected
ACC-0178,2025-10-14,workspace_configured
ACC-0178,2025-10-19,integration_connected
ACC-0179,2025-09-09,workspace_configured
ACC-0179,2025-09-14,integration_connected
ACC-0180,2025-07-26,workspace_configured
ACC-0180,2025-07-27,integration_connected
ACC-0181,2025-10-04,workspace_configured
ACC-0182,2025-09-23,workspace_configured
ACC-0182,2025-09-29,integration_connected
ACC-0183,2025-04-25,workspace_configured
ACC-0184,2025-01-28,integration_connected
ACC-0184,2025-01-29,workspace_configured
ACC-0185,2025-08-26,workspace_configured
ACC-0185,2025-08-26,integration_connected
ACC-0186,2025-06-28,workspace_configured
ACC-0186,2025-06-29,integration_connected
ACC-0187,2025-02-27,workspace_configured
ACC-0187,2025-03-06,integration_connected
ACC-0188,2024-09-09,integration_connected
ACC-0188,2024-09-11,workspace_configured
ACC-0189,2025-07-13,workspace_configured
ACC-0189,2025-07-18,integration_connected
ACC-0190,2024-12-29,workspace_configured
ACC-0190,2025-01-01,integration_connected
ACC-0191,2025-10-18,workspace_configured
ACC-0191,2025-10-22,integration_connected
ACC-0192,2024-12-26,workspace_configured
ACC-0193,2024-09-10,integration_connected
ACC-0193,2024-09-12,workspace_configured
ACC-0194,2025-08-24,workspace_configured
ACC-0194,2025-08-27,integration_connected
ACC-0195,2024-11-01,workspace_configured
ACC-0196,2024-10-06,workspace_configured
ACC-0196,2024-10-13,integration_connected
ACC-0197,2025-05-16,workspace_configured
ACC-0197,2025-05-18,integration_connected
ACC-0198,2025-09-30,workspace_configured
ACC-0198,2025-10-02,integration_connected
ACC-0199,2024-11-12,integration_connected
ACC-0199,2024-11-13,workspace_configured
ACC-0200,2025-01-10,integration_connected
ACC-0200,2025-01-13,workspace_configured
ACC-0201,2025-09-06,workspace_configured
ACC-0202,2025-10-22,workspace_configured
ACC-0203,2025-04-27,workspace_configured
ACC-0204,2024-11-09,workspace_configured
ACC-0205,2024-08-03,workspace_configured
ACC-0206,2024-11-06,workspace_configured
ACC-0206,2024-11-12,integration_connected
ACC-0207,2024-09-13,workspace_configured
ACC-0207,2024-09-22,integration_connected
ACC-0208,2025-06-09,workspace_configured
ACC-0208,2025-06-10,integration_connected
ACC-0209,2024-09-23,workspace_configured
ACC-0209,2024-10-01,integration_connected
ACC-0210,2025-04-19,workspace_configured
ACC-0210,2025-04-24,integration_connected
ACC-0211,2025-07-22,workspace_configured
ACC-0211,2025-07-26,integration_connected
ACC-0212,2025-05-17,workspace_configured
ACC-0212,2025-05-21,integration_connected
ACC-0213,2024-11-08,workspace_configured
ACC-0213,2024-11-12,integration_connected
ACC-0214,2025-08-30,workspace_configured
ACC-0214,2025-09-03,integration_connected
ACC-0215,2025-07-22,integration_connected
ACC-0215,2025-07-23,workspace_configured
ACC-0216,2025-08-04,workspace_configured
ACC-0217,2024-09-15,workspace_configured
ACC-0217,2024-09-21,integration_connected
ACC-0218,2024-09-23,workspace_configured
ACC-0218,2024-09-27,integration_connected
ACC-0219,2025-10-31,workspace_configured
ACC-0220,2025-02-16,integration_connected
ACC-0220,2025-02-18,workspace_configured
ACC-0221,2025-01-12,workspace_configured
ACC-0221,2025-01-12,integration_connected
ACC-0222,2025-04-20,integration_connected
ACC-0222,2025-04-23,workspace_configured
ACC-0223,2025-06-25,workspace_configured
ACC-0223,2025-06-30,integration_connected
ACC-0224,2025-10-18,workspace_configured
ACC-0224,2025-10-23,integration_connected
ACC-0225,2024-12-04,integration_connected
ACC-0225,2024-12-06,workspace_configured
ACC-0226,2025-10-26,workspace_configured
ACC-0227,2024-08-09,workspace_configured
ACC-0228,2025-05-31,integration_connected
ACC-0228,2025-06-01,workspace_configured
ACC-0229,2025-06-16,workspace_configured
ACC-0229,2025-06-25,integration_connected
ACC-0230,2024-09-19,workspace_configured
ACC-0231,2024-10-22,workspace_configured
ACC-0231,2024-10-25,integration_connected
ACC-0232,2025-03-11,workspace_configured
ACC-0232,2025-03-15,integration_connected
ACC-0233,2025-10-04,workspace_configured
ACC-0233,2025-10-15,integration_connected
ACC-0234,2025-05-24,workspace_configured
ACC-0234,2025-05-30,integration_connected
ACC-0235,2025-10-28,workspace_configured
ACC-0235,2025-11-01,integration_connected
ACC-0236,2025-08-30,workspace_configured
ACC-0236,2025-08-31,integration_connected
ACC-0237,2025-03-22,workspace_configured
ACC-0237,2025-03-25,integration_connected
ACC-0238,2025-08-07,integration_connected
ACC-0238,2025-08-10,workspace_configured
ACC-0239,2024-07-31,integration_connected
ACC-0239,2024-08-03,workspace_configured
ACC-0240,2024-09-18,workspace_configured
ACC-0240,2024-09-26,integration_connected
ACC-0241,2025-08-10,integration_connected
ACC-0241,2025-08-13,workspace_configured
ACC-0242,2025-08-29,workspace_configured
ACC-0242,2025-09-04,integration_connected
ACC-0243,2024-11-29,workspace_configured
ACC-0243,2024-11-29,integration_connected
ACC-0244,2025-04-29,workspace_configured
ACC-0244,2025-04-30,integration_connected
ACC-0245,2025-05-11,workspace_configured
ACC-0245,2025-05-12,integration_connected
ACC-0246,2025-10-08,workspace_configured
ACC-0247,2025-05-28,workspace_configured
ACC-0248,2025-03-17,integration_connected
ACC-0248,2025-03-22,workspace_configured
ACC-0249,2025-02-22,workspace_configured
ACC-0249,2025-03-05,integration_connected
ACC-0250,2025-03-20,integration_connected
ACC-0250,2025-03-21,workspace_configured
ACC-0251,2025-06-10,workspace_configured
ACC-0251,2025-06-18,integration_connected
ACC-0252,2025-10-03,workspace_configured
ACC-0253,2025-03-21,workspace_configured
ACC-0254,2024-12-31,workspace_configured
ACC-0254,2025-01-05,integration_connected
ACC-0255,2024-12-25,integration_connected
ACC-0255,2024-12-27,workspace_configured
ACC-0256,2025-07-18,workspace_configured
ACC-0256,2025-07-23,integration_connected
ACC-0257,2025-08-24,workspace_configured
ACC-0257,2025-08-25,integration_connected
ACC-0258,2024-10-11,workspace_configured
ACC-0259,2024-08-12,workspace_configured
ACC-0259,2024-08-18,integration_connected
ACC-0260,2025-06-07,workspace_configured
ACC-0261,2024-10-30,workspace_configured
ACC-0261,2024-11-02,integration_connected
ACC-0262,2025-08-18,workspace_configured
ACC-0262,2025-08-29,integration_connected
ACC-0263,2025-01-12,workspace_configured
ACC-0263,2025-01-16,integration_connected
ACC-0264,2024-10-25,workspace_configured
ACC-0264,2024-11-01,integration_connected
ACC-0265,2025-11-11,workspace_configured
ACC-0266,2024-10-18,workspace_configured
ACC-0266,2024-10-25,integration_connected
ACC-0267,2024-12-28,workspace_configured
ACC-0267,2025-01-02,integration_connected
ACC-0268,2024-10-28,workspace_configured
ACC-0268,2024-10-30,integration_connected
ACC-0269,2024-09-25,workspace_configured
ACC-0270,2024-07-16,workspace_configured
ACC-0270,2024-07-21,integration_connected
ACC-0271,2024-08-11,integration_connected
ACC-0271,2024-08-14,workspace_configured
ACC-0272,2024-10-30,workspace_configured
ACC-0273,2024-08-15,integration_connected
ACC-0273,2024-08-16,workspace_configured
ACC-0274,2025-06-01,workspace_configured
ACC-0275,2025-06-24,workspace_configured
ACC-0275,2025-06-26,integration_connected
ACC-0276,2025-02-14,workspace_configured
ACC-0276,2025-02-22,integration_connected
ACC-0277,2025-01-14,workspace_configured
ACC-0277,2025-01-23,integration_connected
ACC-0278,2025-04-14,workspace_configured
ACC-0278,2025-04-14,integration_connected
ACC-0279,2025-09-20,workspace_configured
ACC-0280,2025-09-06,integration_connected
ACC-0280,2025-09-08,workspace_configured
ACC-0281,2024-09-14,workspace_configured
ACC-0282,2024-10-09,workspace_configured
ACC-0282,2024-10-11,integration_connected
ACC-0283,2024-12-15,workspace_configured
ACC-0283,2024-12-17,integration_connected
ACC-0284,2024-12-21,integration_connected
ACC-0284,2024-12-25,workspace_configured
ACC-0285,2025-05-08,integration_connected
ACC-0285,2025-05-10,workspace_configured
ACC-0286,2025-04-13,workspace_configured
ACC-0287,2024-09-04,workspace_configured
ACC-0288,2025-02-20,integration_connected
ACC-0288,2025-02-24,workspace_configured
ACC-0289,2025-04-12,workspace_configured
ACC-0289,2025-04-16,integration_connected
ACC-0290,2024-09-20,workspace_configured
ACC-0291,2025-08-31,workspace_configured
ACC-0291,2025-09-05,integration_connected
ACC-0292,2024-08-31,workspace_configured
ACC-0293,2025-11-01,workspace_configured
ACC-0294,2024-10-02,workspace_configured
ACC-0295,2025-09-13,workspace_configured
ACC-0295,2025-09-15,integration_connected
ACC-0296,2025-10-14,workspace_configured
ACC-0297,2025-11-01,workspace_configured
ACC-0297,2025-11-01,integration_connected
ACC-0298,2025-08-26,integration_connected
ACC-0298,2025-09-01,workspace_configured
ACC-0299,2025-08-28,workspace_configured
ACC-0299,2025-08-28,integration_connected
ACC-0300,2025-06-10,workspace_configured
ACC-0300,2025-06-12,integration_connected
ACC-0301,2025-09-09,workspace_configured
ACC-0302,2024-10-27,workspace_configured
ACC-0302,2024-10-27,integration_connected
ACC-0303,2025-04-08,workspace_configured
ACC-0303,2025-04-09,integration_connected
ACC-0304,2025-04-05,workspace_configured
ACC-0304,2025-04-13,integration_connected
ACC-0305,2025-09-26,workspace_configured
ACC-0305,2025-10-06,integration_connected
ACC-0306,2025-03-12,workspace_configured
ACC-0306,2025-03-18,integration_connected
ACC-0307,2025-03-03,workspace_configured
ACC-0308,2025-06-08,workspace_configured
ACC-0308,2025-06-11,integration_connected
ACC-0309,2024-12-25,workspace_configured
ACC-0310,2024-10-14,workspace_configured
ACC-0310,2024-10-21,integration_connected
ACC-0311,2025-04-15,workspace_configured
ACC-0311,2025-04-17,integration_connected
ACC-0312,2025-04-01,workspace_configured
ACC-0313,2024-11-29,workspace_configured
ACC-0313,2024-12-05,integration_connected
ACC-0314,2025-02-28,workspace_configured
ACC-0314,2025-03-07,integration_connected
ACC-0315,2025-02-28,workspace_configured
ACC-0315,2025-03-02,integration_connected
ACC-0316,2025-01-07,workspace_configured
ACC-0316,2025-01-13,integration_connected
ACC-0317,2025-03-21,workspace_configured
ACC-0318,2025-08-11,workspace_configured
ACC-0319,2025-02-05,workspace_configured
ACC-0320,2025-10-21,integration_connected
ACC-0320,2025-10-23,workspace_configured
ACC-0321,2025-10-14,workspace_configured
ACC-0322,2025-04-29,workspace_configured
ACC-0322,2025-05-07,integration_connected
ACC-0323,2025-02-12,workspace_configured
ACC-0324,2025-04-23,workspace_configured
ACC-0324,2025-04-26,integration_connected
ACC-0325,2025-09-23,workspace_configured
ACC-0325,2025-09-24,integration_connected
ACC-0326,2025-06-08,workspace_configured
ACC-0326,2025-06-17,integration_connected
ACC-0327,2025-08-12,workspace_configured
ACC-0327,2025-08-12,integration_connected
ACC-0328,2025-04-29,workspace_configured
ACC-0329,2025-06-21,workspace_configured
ACC-0330,2024-12-15,workspace_configured
ACC-0330,2024-12-18,integration_connected
ACC-0331,2025-07-25,workspace_configured
ACC-0331,2025-08-01,integration_connected
ACC-0332,2024-12-23,workspace_configured
ACC-0333,2025-07-23,workspace_configured
ACC-0333,2025-07-25,integration_connected
ACC-0334,2025-09-13,workspace_configured
ACC-0334,2025-09-19,integration_connected
ACC-0335,2024-10-08,workspace_configured
ACC-0336,2025-06-26,workspace_configured
ACC-0336,2025-07-02,integration_connected
ACC-0337,2024-09-16,workspace_configured
ACC-0337,2024-09-23,integration_connected
ACC-0338,2025-07-17,workspace_configured
ACC-0339,2024-08-16,workspace_configured
ACC-0339,2024-08-19,integration_connected
ACC-0340,2025-10-19,workspace_configured
ACC-0340,2025-10-23,integration_connected
ACC-0341,2024-10-24,workspace_configured
ACC-0341,2024-10-29,integration_connected
ACC-0342,2025-10-30,workspace_configured
ACC-0342,2025-11-02,integration_connected
ACC-0343,2025-09-07,workspace_configured
ACC-0344,2025-05-29,workspace_configured
ACC-0345,2025-08-15,workspace_configured
ACC-0345,2025-08-21,integration_connected
ACC-0346,2025-08-19,workspace_configured
ACC-0346,2025-08-25,integration_connected
ACC-0347,2025-10-10,workspace_configured
ACC-0347,2025-10-17,integration_connected
ACC-0348,2024-12-30,workspace_configured
ACC-0348,2025-01-06,integration_connected
ACC-0349,2025-05-26,integration_connected
ACC-0349,2025-05-30,workspace_configured
ACC-0350,2024-10-08,workspace_configured
ACC-0351,2025-06-14,workspace_configured
ACC-0351,2025-06-14,integration_connected
ACC-0352,2024-10-14,workspace_configured
ACC-0352,2024-10-21,integration_connected
ACC-0353,2025-05-26,workspace_configured
ACC-0353,2025-06-01,integration_connected
ACC-0354,2025-05-23,workspace_configured
ACC-0354,2025-05-25,integration_connected
ACC-0355,2025-04-01,workspace_configured
ACC-0356,2025-04-19,integration_connected
ACC-0356,2025-04-20,workspace_configured
ACC-0357,2025-08-20,workspace_configured
ACC-0358,2025-08-22,workspace_configured
ACC-0358,2025-08-22,integration_connected
ACC-0359,2025-04-23,workspace_configured
ACC-0359,2025-04-25,integration_connected
ACC-0360,2025-06-05,workspace_configured
ACC-0361,2025-10-28,workspace_configured
ACC-0361,2025-10-29,integration_connected
ACC-0362,2024-09-17,workspace_configured
ACC-0363,2024-09-16,workspace_configured
ACC-0363,2024-09-19,integration_connected
ACC-0364,2024-10-11,workspace_configured
ACC-0365,2025-07-15,workspace_configured
ACC-0366,2025-03-27,workspace_configured
ACC-0366,2025-03-29,integration_connected
ACC-0367,2025-08-14,workspace_configured
ACC-0367,2025-08-19,integration_connected
ACC-0368,2025-06-30,workspace_configured
ACC-0368,2025-07-03,integration_connected
ACC-0369,2025-01-31,workspace_configured
ACC-0369,2025-02-03,integration_connected
ACC-0370,2025-10-15,workspace_configured
ACC-0371,2025-08-26,workspace_configured
ACC-0372,2024-12-24,integration_connected
ACC-0372,2024-12-26,workspace_configured
ACC-0373,2025-03-06,workspace_configured
ACC-0373,2025-03-10,integration_connected
ACC-0374,2025-01-26,workspace_configured
ACC-0374,2025-01-27,integration_connected
ACC-0375,2024-10-17,workspace_configured
ACC-0376,2024-11-12,workspace_configured
ACC-0377,2025-10-06,workspace_configured
ACC-0377,2025-10-15,integration_connected
ACC-0378,2025-03-15,workspace_configured
ACC-0378,2025-03-22,integration_connected
ACC-0379,2025-03-14,workspace_configured
ACC-0380,2025-08-04,workspace_configured
ACC-0381,2025-05-27,workspace_configured
ACC-0381,2025-05-31,integration_connected
ACC-0382,2025-10-23,workspace_configured
ACC-0383,2025-08-18,workspace_configured
ACC-0383,2025-08-23,integration_connected
ACC-0384,2025-04-19,workspace_configured
ACC-0384,2025-04-22,integration_connected
ACC-0385,2025-02-21,integration_connected
ACC-0385,2025-02-23,workspace_configured
ACC-0386,2025-10-13,workspace_configured
ACC-0386,2025-10-15,integration_connected
ACC-0387,2025-07-14,workspace_configured
ACC-0387,2025-07-22,integration_connected
ACC-0388,2025-10-10,workspace_configured
ACC-0388,2025-10-10,integration_connected
ACC-0389,2024-09-27,workspace_configured
ACC-0390,2025-09-21,integration_connected
ACC-0390,2025-09-23,workspace_configured
ACC-0391,2025-06-17,workspace_configured
ACC-0391,2025-06-18,integration_connected
ACC-0392,2024-09-17,workspace_configured
ACC-0392,2024-09-22,integration_connected
ACC-0393,2025-05-15,workspace_configured
ACC-0393,2025-05-17,integration_connected
ACC-0394,2025-07-09,workspace_configured
ACC-0394,2025-07-13,integration_connected
ACC-0395,2024-07-25,workspace_configured
ACC-0395,2024-07-29,integration_connected
ACC-0396,2025-04-11,workspace_configured
ACC-0397,2025-08-10,integration_connected
ACC-0397,2025-08-14,workspace_configured
ACC-0398,2025-01-25,workspace_configured
ACC-0398,2025-02-02,integration_connected
ACC-0399,2025-03-21,integration_connected
ACC-0399,2025-03-23,workspace_configured
ACC-0400,2025-03-23,workspace_configured
ACC-0401,2025-02-06,workspace_configured
ACC-0402,2025-10-06,workspace_configured
ACC-0402,2025-10-06,integration_connected
ACC-0403,2025-08-05,workspace_configured
ACC-0403,2025-08-13,integration_connected
ACC-0404,2024-10-04,workspace_configured
ACC-0405,2025-10-17,integration_connected
ACC-0405,2025-10-18,workspace_configured
ACC-0406,2025-09-28,integration_connected
ACC-0406,2025-09-29,workspace_configured
ACC-0407,2024-12-12,workspace_configured
ACC-0407,2024-12-16,integration_connected
ACC-0408,2025-09-25,workspace_configured
ACC-0408,2025-10-04,integration_connected
ACC-0409,2024-09-09,workspace_configured
ACC-0409,2024-09-11,integration_connected
ACC-0410,2025-10-14,workspace_configured
ACC-0411,2025-06-24,integration_connected
ACC-0411,2025-06-26,workspace_configured
ACC-0412,2025-07-18,workspace_configured
ACC-0413,2024-09-25,workspace_configured
ACC-0413,2024-09-27,integration_connected
ACC-0414,2025-09-06,workspace_configured
ACC-0414,2025-09-10,integration_connected
ACC-0415,2024-07-27,workspace_configured
ACC-0416,2024-12-16,workspace_configured
ACC-0416,2024-12-24,integration_connected
ACC-0417,2024-10-19,workspace_configured
ACC-0417,2024-10-23,integration_connected
ACC-0418,2025-09-01,workspace_configured
ACC-0418,2025-09-05,integration_connected
ACC-0419,2024-11-13,workspace_configured
ACC-0419,2024-11-18,integration_connected
ACC-0420,2025-09-09,workspace_configured
ACC-0420,2025-09-10,integration_connected
ACC-0421,2025-06-30,workspace_configured
ACC-0421,2025-07-04,integration_connected
ACC-0422,2024-07-08,workspace_configured
ACC-0422,2024-07-17,integration_connected
ACC-0423,2024-07-12,workspace_configured
ACC-0424,2024-08-20,workspace_configured
ACC-0425,2025-05-25,workspace_configured
ACC-0426,2025-08-19,workspace_configured
ACC-0426,2025-08-22,integration_connected
ACC-0427,2024-12-27,workspace_configured
ACC-0427,2025-01-04,integration_connected
ACC-0428,2025-09-27,workspace_configured
ACC-0428,2025-10-04,integration_connected
ACC-0429,2024-08-16,workspace_configured
ACC-0430,2025-08-29,integration_connected
ACC-0430,2025-08-30,workspace_configured
ACC-0431,2025-10-21,integration_connected
ACC-0431,2025-10-22,workspace_configured
ACC-0432,2025-08-25,workspace_configured
ACC-0433,2025-08-20,workspace_configured
ACC-0434,2025-09-08,workspace_configured
ACC-0434,2025-09-09,integration_connected
ACC-0435,2024-07-17,workspace_configured
ACC-0435,2024-07-27,integration_connected
ACC-0436,2024-12-09,workspace_configured
ACC-0437,2024-09-09,workspace_configured
ACC-0437,2024-09-10,integration_connected
ACC-0438,2025-04-11,integration_connected
ACC-0438,2025-04-13,workspace_configured
ACC-0439,2025-07-20,integration_connected
ACC-0439,2025-07-21,workspace_configured
ACC-0440,2025-06-26,workspace_configured
ACC-0440,2025-06-26,integration_connected
ACC-0441,2025-09-15,workspace_configured
ACC-0441,2025-09-20,integration_connected
ACC-0442,2024-10-20,workspace_configured
ACC-0442,2024-10-31,integration_connected
ACC-0443,2025-07-16,workspace_configured
ACC-0443,2025-07-25,integration_connected
ACC-0444,2024-11-19,workspace_configured
ACC-0445,2024-12-22,workspace_configured
ACC-0445,2024-12-27,integration_connected
ACC-0446,2025-07-25,workspace_configured
ACC-0446,2025-07-26,integration_connected
ACC-0447,2025-10-17,workspace_configured
ACC-0447,2025-10-24,integration_connected
ACC-0448,2025-06-12,workspace_configured
ACC-0448,2025-06-18,integration_connected
ACC-0449,2024-09-01,workspace_configured
ACC-0450,2025-06-16,workspace_configured
ACC-0450,2025-06-25,integration_connected
ACC-0451,2024-08-29,workspace_configured
ACC-0452,2025-09-27,workspace_configured
ACC-0453,2025-08-03,workspace_configured
ACC-0454,2024-10-16,workspace_configured
ACC-0454,2024-10-21,integration_connected
ACC-0455,2024-09-13,workspace_configured
ACC-0455,2024-09-14,integration_connected
ACC-0456,2024-11-27,workspace_configured
ACC-0456,2024-11-30,integration_connected
ACC-0457,2025-10-26,workspace_configured
ACC-0457,2025-10-31,integration_connected
ACC-0458,2025-04-01,workspace_configured
ACC-0459,2025-08-02,workspace_configured
ACC-0459,2025-08-07,integration_connected
ACC-0460,2025-07-03,integration_connected
ACC-0460,2025-07-05,workspace_configured
ACC-0461,2025-05-26,workspace_configured
ACC-0462,2024-11-19,workspace_configured
ACC-0463,2025-10-09,workspace_configured
ACC-0463,2025-10-14,integration_connected
ACC-0464,2025-01-20,workspace_configured
ACC-0464,2025-01-21,integration_connected
ACC-0465,2025-05-11,workspace_configured
ACC-0465,2025-05-13,integration_connected
ACC-0466,2025-07-05,workspace_configured
ACC-0466,2025-07-08,integration_connected
ACC-0467,2025-06-21,workspace_configured
ACC-0467,2025-06-22,integration_connected
ACC-0468,2025-10-22,workspace_configured
ACC-0468,2025-11-02,integration_connected
ACC-0469,2024-10-08,workspace_configured
ACC-0469,2024-10-12,integration_connected
ACC-0470,2025-04-30,workspace_configured
ACC-0470,2025-04-30,integration_connected
ACC-0471,2025-02-14,workspace_configured
ACC-0471,2025-02-20,integration_connected
ACC-0472,2025-04-03,workspace_configured
ACC-0473,2024-09-15,workspace_configured
ACC-0473,2024-09-22,integration_connected
ACC-0474,2024-11-02,workspace_configured
ACC-0475,2024-12-30,workspace_configured
ACC-0476,2025-01-17,workspace_configured
ACC-0476,2025-01-17,integration_connected
ACC-0477,2025-03-15,workspace_configured
ACC-0478,2025-05-04,integration_connected
ACC-0478,2025-05-10,workspace_configured
ACC-0479,2025-06-13,integration_connected
ACC-0479,2025-06-14,workspace_configured
ACC-0480,2025-03-23,workspace_configured
ACC-0480,2025-03-24,integration_connected
ACC-0481,2025-03-17,workspace_configured
ACC-0482,2024-11-15,integration_connected
ACC-0482,2024-11-18,workspace_configured
ACC-0483,2025-05-17,workspace_configured
ACC-0483,2025-05-18,integration_connected
ACC-0484,2025-02-13,workspace_configured
ACC-0485,2024-07-20,workspace_configured
ACC-0485,2024-07-27,integration_connected
ACC-0486,2025-03-29,workspace_configured
ACC-0486,2025-03-31,integration_connected
ACC-0487,2025-03-27,integration_connected
ACC-0487,2025-04-02,workspace_configured
ACC-0488,2024-11-24,workspace_configured
ACC-0488,2024-11-28,integration_connected
ACC-0489,2025-05-27,workspace_configured
ACC-0489,2025-06-07,integration_connected
ACC-0490,2025-05-20,workspace_configured
ACC-0490,2025-05-20,integration_connected
ACC-0491,2025-07-14,integration_connected
ACC-0491,2025-07-15,workspace_configured
ACC-0492,2025-06-15,workspace_configured
ACC-0492,2025-06-17,integration_connected
ACC-0493,2025-06-08,workspace_configured
ACC-0493,2025-06-10,integration_connected
ACC-0494,2025-01-29,workspace_configured
ACC-0494,2025-01-30,integration_connected
ACC-0495,2025-09-01,workspace_configured
ACC-0496,2025-05-29,workspace_configured
ACC-0496,2025-06-03,integration_connected
ACC-0497,2025-03-08,integration_connected
ACC-0497,2025-03-11,workspace_configured
ACC-0498,2025-06-18,workspace_configured
ACC-0498,2025-06-22,integration_connected
ACC-0499,2025-02-27,workspace_configured
ACC-0500,2025-05-01,workspace_configured
ACC-0500,2025-05-06,integration_connected
ACC-0501,2025-07-28,workspace_configured
ACC-0502,2025-09-07,workspace_configured
ACC-0502,2025-09-14,integration_connected
ACC-0503,2025-10-22,workspace_configured
ACC-0503,2025-10-24,integration_connected
ACC-0504,2025-05-02,workspace_configured
ACC-0504,2025-05-07,integration_connected
ACC-0505,2025-05-01,workspace_configured
ACC-0505,2025-05-02,integration_connected
ACC-0506,2025-08-08,workspace_configured
ACC-0506,2025-08-08,integration_connected
ACC-0507,2025-01-14,workspace_configured
ACC-0507,2025-01-20,integration_connected
ACC-0508,2025-09-07,integration_connected
ACC-0508,2025-09-08,workspace_configured
ACC-0509,2025-04-11,workspace_configured
ACC-0509,2025-04-21,integration_connected
ACC-0510,2024-09-18,workspace_configured
ACC-0510,2024-09-24,integration_connected
ACC-0511,2024-08-11,workspace_configured
ACC-0511,2024-08-19,integration_connected
ACC-0512,2025-09-05,integration_connected
ACC-0512,2025-09-08,workspace_configured
ACC-0513,2024-08-20,workspace_configured
ACC-0513,2024-08-20,integration_connected
ACC-0514,2024-12-14,workspace_configured
ACC-0515,2025-01-16,workspace_configured
ACC-0516,2024-10-14,workspace_configured
ACC-0517,2025-01-07,workspace_configured
ACC-0517,2025-01-08,integration_connected
ACC-0518,2025-08-06,workspace_configured
ACC-0519,2024-07-25,integration_connected
ACC-0519,2024-07-31,workspace_configured
ACC-0520,2025-08-24,workspace_configured
ACC-0520,2025-08-27,integration_connected
ACC-0521,2025-09-06,workspace_configured
ACC-0521,2025-09-07,integration_connected
ACC-0522,2025-02-09,workspace_configured
ACC-0522,2025-02-14,integration_connected
ACC-0523,2024-10-12,integration_connected
ACC-0523,2024-10-17,workspace_configured
ACC-0524,2025-05-24,workspace_configured
ACC-0524,2025-05-30,integration_connected
ACC-0525,2024-09-22,workspace_configured
ACC-0525,2024-09-25,integration_connected
ACC-0526,2025-02-27,workspace_configured
ACC-0526,2025-03-02,integration_connected
ACC-0527,2025-10-21,workspace_configured
ACC-0528,2025-10-09,workspace_configured
ACC-0528,2025-10-17,integration_connected
ACC-0529,2025-08-03,workspace_configured
ACC-0529,2025-08-13,integration_connected
ACC-0530,2025-01-28,workspace_configured
ACC-0531,2025-07-10,workspace_configured
ACC-0531,2025-07-15,integration_connected
ACC-0532,2025-07-31,workspace_configured
ACC-0532,2025-08-01,integration_connected
ACC-0533,2025-02-16,workspace_configured
ACC-0533,2025-02-19,integration_connected
ACC-0534,2025-06-25,integration_connected
ACC-0534,2025-06-27,workspace_configured
ACC-0535,2024-07-22,workspace_configured
ACC-0535,2024-07-24,integration_connected
ACC-0536,2024-11-26,workspace_configured
ACC-0537,2025-04-14,workspace_configured
ACC-0537,2025-04-20,integration_connected
ACC-0538,2024-10-25,integration_connected
ACC-0538,2024-10-28,workspace_configured
ACC-0539,2024-10-07,workspace_configured
ACC-0539,2024-10-09,integration_connected
ACC-0540,2025-09-04,workspace_configured
ACC-0540,2025-09-09,integration_connected
ACC-0541,2025-10-16,workspace_configured
ACC-0541,2025-10-16,integration_connected
ACC-0542,2025-05-17,workspace_configured
ACC-0542,2025-05-19,integration_connected
ACC-0543,2025-09-23,workspace_configured
ACC-0543,2025-09-27,integration_connected
ACC-0544,2025-10-24,workspace_configured
ACC-0544,2025-10-31,integration_connected
ACC-0545,2024-10-19,workspace_configured
ACC-0545,2024-10-21,integration_connected
ACC-0546,2025-03-15,workspace_configured
ACC-0547,2025-02-12,integration_connected
ACC-0547,2025-02-14,workspace_configured
ACC-0548,2024-08-25,workspace_configured
ACC-0548,2024-08-27,integration_connected
ACC-0549,2025-07-10,workspace_configured
ACC-0549,2025-07-16,integration_connected
ACC-0550,2025-03-17,workspace_configured
ACC-0550,2025-03-25,integration_connected
ACC-0551,2025-04-03,workspace_configured
ACC-0552,2024-10-29,workspace_configured
ACC-0552,2024-11-03,integration_connected
ACC-0553,2024-10-22,workspace_configured
ACC-0553,2024-11-02,integration_connected
ACC-0554,2025-10-02,workspace_configured
ACC-0555,2024-08-14,workspace_configured
ACC-0555,2024-08-21,integration_connected
ACC-0556,2024-11-14,workspace_configured
ACC-0556,2024-11-22,integration_connected
ACC-0557,2025-02-06,workspace_configured
ACC-0558,2025-04-30,workspace_configured
ACC-0559,2025-06-08,workspace_configured
ACC-0560,2025-04-08,integration_connected
ACC-0560,2025-04-10,workspace_configured
ACC-0561,2024-08-22,workspace_configured
ACC-0561,2024-08-25,integration_connected
ACC-0562,2025-01-10,workspace_configured
ACC-0563,2025-09-30,workspace_configured
ACC-0563,2025-10-03,integration_connected
ACC-0564,2025-06-19,workspace_configured
ACC-0565,2025-06-22,workspace_configured
ACC-0565,2025-06-28,integration_connected
ACC-0566,2025-06-06,integration_connected
ACC-0566,2025-06-07,workspace_configured
ACC-0567,2025-08-23,workspace_configured
ACC-0568,2024-08-10,workspace_configured
ACC-0568,2024-08-16,integration_connected
ACC-0569,2025-02-07,workspace_configured
ACC-0569,2025-02-12,integration_connected
ACC-0570,2025-04-07,workspace_configured
ACC-0570,2025-04-16,integration_connected
ACC-0571,2025-01-08,workspace_configured
ACC-0571,2025-01-12,integration_connected
ACC-0572,2025-09-26,workspace_configured
ACC-0572,2025-09-27,integration_connected
ACC-0573,2025-04-15,workspace_configured
ACC-0574,2025-08-18,workspace_configured
ACC-0574,2025-08-22,integration_connected
ACC-0575,2025-10-05,workspace_configured
ACC-0576,2025-04-30,integration_connected
ACC-0576,2025-05-02,workspace_configured
ACC-0577,2025-09-26,workspace_configured
ACC-0577,2025-10-04,integration_connected
ACC-0578,2025-05-07,integration_connected
ACC-0578,2025-05-12,workspace_configured
ACC-0579,2025-09-30,workspace_configured
ACC-0579,2025-10-07,integration_connected
ACC-0580,2025-01-21,workspace_configured
ACC-0580,2025-01-29,integration_connected
ACC-0581,2025-04-06,workspace_configured
ACC-0581,2025-04-17,integration_connected
ACC-0582,2025-04-18,workspace_configured
ACC-0582,2025-04-20,integration_connected
ACC-0583,2024-10-16,workspace_configured
ACC-0584,2025-02-13,integration_connected
ACC-0584,2025-02-19,workspace_configured
ACC-0585,2025-10-07,integration_connected
ACC-0585,2025-10-09,workspace_configured
ACC-0586,2025-07-20,workspace_configured
ACC-0587,2024-11-09,workspace_configured
ACC-0588,2025-02-10,workspace_configured
ACC-0589,2024-12-09,workspace_configured
ACC-0590,2024-07-28,integration_connected
ACC-0590,2024-07-29,workspace_configured
ACC-0591,2025-11-06,workspace_configured
ACC-0592,2025-03-18,workspace_configured
ACC-0593,2025-02-01,workspace_configured
ACC-0594,2025-05-19,workspace_configured
ACC-0595,2024-07-16,integration_connected
ACC-0595,2024-07-21,workspace_configured
ACC-0596,2024-12-20,integration_connected
ACC-0596,2024-12-23,workspace_configured
ACC-0597,2025-07-29,workspace_configured
ACC-0597,2025-08-02,integration_connected
ACC-0598,2025-06-12,integration_connected
ACC-0598,2025-06-16,workspace_configured
ACC-0599,2025-10-20,workspace_configured
ACC-0600,2025-06-21,workspace_configured
ACC-0600,2025-07-03,integration_connected
ACC-0601,2025-04-08,workspace_configured
ACC-0601,2025-04-08,integration_connected
ACC-0602,2025-09-02,workspace_configured
ACC-0603,2025-10-12,workspace_configured
ACC-0604,2025-07-22,workspace_configured
ACC-0604,2025-07-26,integration_connected
ACC-0605,2025-10-15,integration_connected
ACC-0605,2025-10-18,workspace_configured
ACC-0606,2025-08-27,integration_connected
ACC-0606,2025-08-31,workspace_configured
ACC-0607,2025-09-14,workspace_configured
ACC-0607,2025-09-21,integration_connected
ACC-0608,2024-10-15,workspace_configured
ACC-0609,2025-07-18,workspace_configured
ACC-0609,2025-07-24,integration_connected
ACC-0610,2025-03-07,workspace_configured
ACC-0610,2025-03-13,integration_connected
ACC-0611,2025-05-18,integration_connected
ACC-0611,2025-05-19,workspace_configured
ACC-0612,2025-06-07,integration_connected
ACC-0612,2025-06-08,workspace_configured
ACC-0613,2025-10-30,workspace_configured
ACC-0613,2025-11-05,integration_connected
ACC-0614,2025-10-21,integration_connected
ACC-0614,2025-10-25,workspace_configured
ACC-0615,2024-12-12,workspace_configured
ACC-0615,2024-12-22,integration_connected
ACC-0616,2025-07-19,workspace_configured
ACC-0616,2025-07-20,integration_connected
ACC-0617,2025-07-21,workspace_configured
ACC-0617,2025-07-25,integration_connected
ACC-0618,2025-01-15,workspace_configured
ACC-0618,2025-01-16,integration_connected
ACC-0619,2024-09-14,integration_connected
ACC-0619,2024-09-16,workspace_configured
ACC-0620,2024-07-17,workspace_configured
ACC-0620,2024-07-23,integration_connected
ACC-0621,2025-09-02,workspace_configured
ACC-0622,2025-05-18,workspace_configured
ACC-0623,2025-10-05,integration_connected
ACC-0623,2025-10-08,workspace_configured
ACC-0624,2025-03-27,workspace_configured
ACC-0624,2025-03-28,integration_connected
ACC-0625,2025-10-11,workspace_configured
ACC-0625,2025-10-17,integration_connected
ACC-0626,2025-03-21,workspace_configured
ACC-0626,2025-03-28,integration_connected
ACC-0627,2025-08-06,workspace_configured
ACC-0627,2025-08-10,integration_connected
ACC-0628,2024-08-13,workspace_configured
ACC-0628,2024-08-17,integration_connected
ACC-0629,2025-05-23,integration_connected
ACC-0629,2025-05-24,workspace_configured
ACC-0630,2025-08-12,workspace_configured
ACC-0630,2025-08-18,integration_connected
ACC-0631,2025-10-10,workspace_configured
ACC-0631,2025-10-12,integration_connected
ACC-0632,2025-08-17,workspace_configured
ACC-0632,2025-08-21,integration_connected
ACC-0633,2024-07-07,integration_connected
ACC-0633,2024-07-08,workspace_configured
ACC-0634,2025-02-10,workspace_configured
ACC-0634,2025-02-19,integration_connected
ACC-0635,2024-08-21,workspace_configured
ACC-0635,2024-08-25,integration_connected
ACC-0636,2024-09-22,integration_connected
ACC-0636,2024-09-23,workspace_configured
ACC-0637,2025-07-08,workspace_configured
ACC-0638,2025-07-25,workspace_configured
ACC-0638,2025-07-25,integration_connected
ACC-0639,2025-08-28,workspace_configured
ACC-0639,2025-08-31,integration_connected
ACC-0640,2025-09-11,workspace_configured
ACC-0641,2025-07-12,workspace_configured
ACC-0641,2025-07-12,integration_connected
ACC-0642,2025-08-02,workspace_configured
ACC-0642,2025-08-10,integration_connected
ACC-0643,2024-08-27,workspace_configured
ACC-0644,2024-11-09,integration_connected
ACC-0644,2024-11-11,workspace_configured
ACC-0645,2025-06-19,workspace_configured
ACC-0645,2025-06-21,integration_connected
ACC-0646,2025-10-01,workspace_configured
ACC-0646,2025-10-02,integration_connected
ACC-0647,2024-07-25,workspace_configured
ACC-0647,2024-08-03,integration_connected
ACC-0648,2025-04-21,workspace_configured
ACC-0648,2025-04-26,integration_connected
ACC-0649,2025-06-28,integration_connected
ACC-0649,2025-06-29,workspace_configured
ACC-0650,2024-07-07,workspace_configured
ACC-0650,2024-07-14,integration_connected
ACC-0651,2025-02-25,workspace_configured
ACC-0651,2025-03-01,integration_connected
ACC-0652,2025-09-28,workspace_configured
ACC-0652,2025-10-08,integration_connected
ACC-0653,2025-06-06,workspace_configured
ACC-0653,2025-06-08,integration_connected
ACC-0654,2024-12-15,integration_connected
ACC-0654,2024-12-19,workspace_configured
ACC-0655,2025-09-26,workspace_configured
ACC-0655,2025-10-06,integration_connected
ACC-0656,2025-01-15,integration_connected
ACC-0656,2025-01-20,workspace_configured
ACC-0657,2025-09-25,workspace_configured
ACC-0657,2025-10-06,integration_connected
ACC-0658,2025-01-31,workspace_configured
ACC-0658,2025-02-02,integration_connected
ACC-0659,2025-05-19,workspace_configured
ACC-0659,2025-05-19,integration_connected
ACC-0660,2025-02-03,workspace_configured
ACC-0660,2025-02-10,integration_connected
ACC-0661,2024-12-16,workspace_configured
ACC-0661,2024-12-19,integration_connected
ACC-0662,2025-09-14,workspace_configured
ACC-0663,2024-11-17,workspace_configured
ACC-0663,2024-11-17,integration_connected
ACC-0664,2024-08-30,workspace_configured
ACC-0665,2025-01-16,workspace_configured
ACC-0665,2025-01-18,integration_connected
ACC-0666,2025-07-14,workspace_configured
ACC-0666,2025-07-14,integration_connected
ACC-0667,2025-08-13,workspace_configured
ACC-0667,2025-08-18,integration_connected
ACC-0668,2025-10-22,integration_connected
ACC-0668,2025-10-24,workspace_configured
ACC-0669,2025-01-07,integration_connected
ACC-0669,2025-01-09,workspace_configured
ACC-0670,2025-02-12,workspace_configured
ACC-0670,2025-02-13,integration_connected
ACC-0671,2024-10-28,workspace_configured
ACC-0671,2024-11-07,integration_connected
ACC-0672,2025-05-07,workspace_configured
ACC-0672,2025-05-07,integration_connected
ACC-0673,2025-10-14,workspace_configured
ACC-0673,2025-10-25,integration_connected
ACC-0674,2025-07-10,workspace_configured
ACC-0674,2025-07-10,integration_connected
ACC-0675,2025-05-04,workspace_configured
ACC-0675,2025-05-09,integration_connected
ACC-0676,2025-02-14,integration_connected
ACC-0676,2025-02-16,workspace_configured
ACC-0677,2025-10-03,workspace_configured
ACC-0678,2025-04-23,workspace_configured
ACC-0679,2024-10-08,workspace_configured
ACC-0679,2024-10-11,integration_connected
ACC-0680,2025-02-08,workspace_configured
ACC-0680,2025-02-12,integration_connected
ACC-0681,2024-08-20,integration_connected
ACC-0681,2024-08-24,workspace_configured
ACC-0682,2024-11-27,integration_connected
ACC-0682,2024-11-30,workspace_configured
ACC-0683,2024-07-18,workspace_configured
ACC-0684,2025-03-11,workspace_configured
ACC-0684,2025-03-12,integration_connected
ACC-0685,2025-06-18,workspace_configured
ACC-0686,2025-01-17,workspace_configured
ACC-0686,2025-01-18,integration_connected
ACC-0687,2025-03-11,integration_connected
ACC-0687,2025-03-15,workspace_configured
ACC-0688,2025-10-03,workspace_configured
ACC-0688,2025-10-15,integration_connected
ACC-0689,2025-07-18,integration_connected
ACC-0689,2025-07-20,workspace_configured
ACC-0690,2025-04-12,workspace_configured
ACC-0690,2025-04-12,integration_connected
ACC-0691,2024-12-12,integration_connected
ACC-0691,2024-12-14,workspace_configured
ACC-0692,2025-09-12,integration_connected
ACC-0692,2025-09-16,workspace_configured
ACC-0693,2024-11-27,workspace_configured
ACC-0693,2024-12-07,integration_connected
ACC-0694,2025-01-23,workspace_configured
ACC-0694,2025-01-29,integration_connected
ACC-0695,2025-09-15,workspace_configured
ACC-0695,2025-09-18,integration_connected
ACC-0696,2025-04-13,workspace_configured
ACC-0696,2025-04-13,integration_connected
ACC-0697,2025-07-23,workspace_configured
ACC-0697,2025-07-29,integration_connected
ACC-0698,2025-05-28,workspace_configured
ACC-0698,2025-06-02,integration_connected
ACC-0699,2025-06-19,workspace_configured
ACC-0700,2025-02-07,workspace_configured
ACC-0701,2024-12-20,workspace_configured
ACC-0701,2024-12-30,integration_connected
ACC-0702,2025-01-23,workspace_configured
ACC-0703,2024-10-25,integration_connected
ACC-0703,2024-10-26,workspace_configured
ACC-0704,2025-09-06,integration_connected
ACC-0704,2025-09-09,workspace_configured
ACC-0705,2024-12-13,workspace_configured
ACC-0706,2025-05-22,workspace_configured
ACC-0707,2025-08-17,workspace_configured
ACC-0707,2025-08-23,integration_connected
ACC-0708,2025-08-20,integration_connected
ACC-0708,2025-08-25,workspace_configured
ACC-0709,2025-03-17,workspace_configured
ACC-0709,2025-03-24,integration_connected
ACC-0710,2025-04-06,workspace_configured
ACC-0710,2025-04-16,integration_connected
ACC-0711,2025-10-07,workspace_configured
ACC-0711,2025-10-11,integration_connected
ACC-0712,2025-07-04,workspace_configured
ACC-0713,2025-09-09,workspace_configured
ACC-0714,2025-09-24,integration_connected
ACC-0714,2025-09-27,workspace_configured
ACC-0715,2025-08-07,workspace_configured
ACC-0715,2025-08-15,integration_connected
ACC-0716,2024-11-29,workspace_configured
ACC-0716,2024-12-05,integration_connected
ACC-0717,2025-05-24,workspace_configured
ACC-0717,2025-05-26,integration_connected
ACC-0718,2024-09-21,workspace_configured
ACC-0718,2024-09-28,integration_connected
ACC-0719,2025-06-08,workspace_configured
ACC-0719,2025-06-09,integration_connected
ACC-0720,2025-11-01,workspace_configured
ACC-0720,2025-11-06,integration_connected
ACC-0721,2025-04-13,workspace_configured
ACC-0721,2025-04-19,integration_connected
ACC-0722,2025-03-09,integration_connected
ACC-0722,2025-03-10,workspace_configured
ACC-0723,2024-07-22,workspace_configured
ACC-0724,2025-10-27,workspace_configured
ACC-0725,2024-09-04,workspace_configured
ACC-0725,2024-09-06,integration_connected
ACC-0726,2024-07-16,workspace_configured
ACC-0726,2024-07-22,integration_connected
ACC-0727,2024-12-15,workspace_configured
ACC-0727,2024-12-16,integration_connected
ACC-0728,2024-08-27,workspace_configured
ACC-0728,2024-09-03,integration_connected
ACC-0729,2025-03-08,workspace_configured
ACC-0729,2025-03-16,integration_connected
ACC-0730,2025-04-20,workspace_configured
ACC-0730,2025-04-22,integration_connected
ACC-0731,2025-02-06,workspace_configured
ACC-0732,2024-09-01,workspace_configured
ACC-0733,2024-09-27,workspace_configured
ACC-0733,2024-10-01,integration_connected
ACC-0734,2025-02-24,workspace_configured
ACC-0735,2024-08-24,workspace_configured
ACC-0735,2024-08-25,integration_connected
ACC-0736,2025-07-30,integration_connected
ACC-0736,2025-08-03,workspace_configured
ACC-0737,2024-11-10,workspace_configured
ACC-0737,2024-11-18,integration_connected
ACC-0738,2025-01-17,workspace_configured
ACC-0738,2025-01-17,integration_connected
ACC-0739,2025-02-17,workspace_configured
ACC-0739,2025-02-25,integration_connected
ACC-0740,2025-03-20,workspace_configured
ACC-0740,2025-03-27,integration_connected
ACC-0741,2024-07-15,workspace_configured
ACC-0741,2024-07-19,integration_connected
ACC-0742,2024-09-30,integration_connected
ACC-0742,2024-10-02,workspace_configured
ACC-0743,2025-09-28,workspace_configured
ACC-0743,2025-10-01,integration_connected
ACC-0744,2024-07-19,workspace_configured
ACC-0744,2024-07-19,integration_connected
ACC-0745,2025-04-27,workspace_configured
ACC-0745,2025-05-01,integration_connected
ACC-0746,2025-04-15,integration_connected
ACC-0746,2025-04-16,workspace_configured
ACC-0747,2025-01-25,workspace_configured
ACC-0747,2025-01-28,integration_connected
ACC-0748,2025-03-23,workspace_configured
ACC-0748,2025-03-26,integration_connected
ACC-0749,2025-08-23,workspace_configured
ACC-0750,2025-09-05,workspace_configured
ACC-0750,2025-09-14,integration_connected
ACC-0751,2024-12-22,workspace_configured
ACC-0751,2024-12-30,integration_connected
ACC-0752,2025-01-12,integration_connected
ACC-0752,2025-01-16,workspace_configured
ACC-0753,2024-12-24,workspace_configured
ACC-0754,2025-04-12,integration_connected
ACC-0754,2025-04-13,workspace_configured
ACC-0755,2025-07-11,workspace_configured
ACC-0756,2024-11-07,workspace_configured
ACC-0756,2024-11-10,integration_connected
ACC-0757,2025-01-28,workspace_configured
ACC-0757,2025-02-04,integration_connected
ACC-0758,2025-10-25,workspace_configured
ACC-0758,2025-10-29,integration_connected
ACC-0759,2024-08-07,workspace_configured
ACC-0759,2024-08-10,integration_connected
ACC-0760,2025-03-17,workspace_configured
ACC-0760,2025-03-26,integration_connected
ACC-0761,2025-07-20,workspace_configured
ACC-0761,2025-07-27,integration_connected
ACC-0762,2024-10-12,integration_connected
ACC-0762,2024-10-13,workspace_configured
ACC-0763,2024-08-27,workspace_configured
ACC-0763,2024-08-30,integration_connected
ACC-0764,2024-10-17,workspace_configured
ACC-0764,2024-10-17,integration_connected
ACC-0765,2025-10-23,workspace_configured
ACC-0766,2024-07-19,workspace_configured
ACC-0766,2024-07-19,integration_connected
ACC-0767,2024-11-29,workspace_configured
ACC-0767,2024-12-03,integration_connected
ACC-0768,2024-07-22,workspace_configured
ACC-0768,2024-07-22,integration_connected
ACC-0769,2024-09-14,workspace_configured
ACC-0769,2024-09-23,integration_connected
ACC-0770,2025-07-04,workspace_configured
ACC-0771,2024-12-23,workspace_configured
ACC-0771,2025-01-03,integration_connected
ACC-0772,2025-05-27,workspace_configured
ACC-0772,2025-05-31,integration_connected
ACC-0773,2025-06-03,workspace_configured
ACC-0774,2025-09-13,integration_connected
ACC-0774,2025-09-17,workspace_configured
ACC-0775,2024-07-29,workspace_configured
ACC-0775,2024-07-30,integration_connected
ACC-0776,2025-09-12,workspace_configured
ACC-0776,2025-09-17,integration_connected
ACC-0777,2025-07-01,workspace_configured
ACC-0778,2024-10-17,workspace_configured
ACC-0778,2024-10-26,integration_connected
ACC-0779,2025-09-02,integration_connected
ACC-0779,2025-09-04,workspace_configured
ACC-0780,2025-09-21,integration_connected
ACC-0780,2025-09-23,workspace_configured
ACC-0781,2024-12-27,workspace_configured
ACC-0782,2025-10-14,workspace_configured
ACC-0782,2025-10-16,integration_connected
ACC-0783,2025-03-10,integration_connected
ACC-0783,2025-03-11,workspace_configured
ACC-0784,2025-05-23,workspace_configured
ACC-0784,2025-05-31,integration_connected
ACC-0785,2025-10-30,workspace_configured
ACC-0786,2025-02-17,integration_connected
ACC-0786,2025-02-18,workspace_configured
ACC-0787,2025-08-13,integration_connected
ACC-0787,2025-08-15,workspace_configured
ACC-0788,2025-01-11,integration_connected
ACC-0788,2025-01-14,workspace_configured
ACC-0789,2025-08-29,integration_connected
ACC-0789,2025-09-02,workspace_configured
ACC-0790,2025-05-18,workspace_configured
ACC-0790,2025-05-20,integration_connected
ACC-0791,2024-11-04,workspace_configured
ACC-0791,2024-11-12,integration_connected
ACC-0792,2025-03-29,workspace_configured
ACC-0793,2025-01-17,integration_connected
ACC-0793,2025-01-22,workspace_configured
ACC-0794,2024-08-23,workspace_configured
ACC-0795,2024-07-21,workspace_configured
ACC-0796,2025-01-09,workspace_configured
ACC-0796,2025-01-18,integration_connected
ACC-0797,2024-07-17,workspace_configured
ACC-0797,2024-07-26,integration_connected
ACC-0798,2024-10-30,workspace_configured
ACC-0799,2025-07-29,integration_connected
ACC-0799,2025-08-03,workspace_configured
ACC-0800,2025-07-13,workspace_configured
ACC-0800,2025-07-14,integration_connected
ACC-0801,2025-07-25,workspace_configured
ACC-0801,2025-08-04,integration_connected
ACC-0802,2025-01-10,workspace_configured
ACC-0802,2025-01-10,integration_connected
ACC-0803,2025-10-15,workspace_configured
ACC-0804,2025-06-05,workspace_configured
ACC-0805,2024-09-25,workspace_configured
ACC-0805,2024-09-27,integration_connected
ACC-0806,2024-10-29,workspace_configured
ACC-0806,2024-10-29,integration_connected
ACC-0807,2025-08-04,workspace_configured
ACC-0808,2024-10-14,workspace_configured
ACC-0808,2024-10-15,integration_connected
ACC-0809,2025-04-17,workspace_configured
ACC-0809,2025-04-22,integration_connected
ACC-0810,2025-11-03,workspace_configured
ACC-0811,2024-07-31,integration_connected
ACC-0811,2024-08-01,workspace_configured
ACC-0812,2024-08-01,workspace_configured
ACC-0812,2024-08-04,integration_connected
ACC-0813,2025-10-06,workspace_configured
ACC-0813,2025-10-14,integration_connected
ACC-0814,2025-05-23,workspace_configured
ACC-0814,2025-05-27,integration_connected
ACC-0815,2024-09-05,integration_connected
ACC-0815,2024-09-09,workspace_configured
ACC-0816,2025-09-21,workspace_configured
ACC-0816,2025-09-22,integration_connected
ACC-0817,2025-10-02,workspace_configured
ACC-0817,2025-10-04,integration_connected
ACC-0818,2025-04-10,workspace_configured
ACC-0818,2025-04-11,integration_connected
ACC-0819,2025-06-21,workspace_configured
ACC-0819,2025-06-29,integration_connected
ACC-0820,2025-01-09,workspace_configured
ACC-0821,2024-08-30,integration_connected
ACC-0821,2024-08-31,workspace_configured
ACC-0822,2025-06-01,workspace_configured
ACC-0823,2025-01-07,integration_connected
ACC-0823,2025-01-11,workspace_configured
ACC-0824,2025-07-18,workspace_configured
ACC-0825,2025-10-21,workspace_configured
ACC-0826,2024-07-18,workspace_configured
ACC-0826,2024-07-25,integration_connected
ACC-0827,2025-05-31,integration_connected
ACC-0827,2025-06-04,workspace_configured
ACC-0828,2024-11-04,workspace_configured
ACC-0828,2024-11-06,integration_connected
ACC-0829,2025-09-18,workspace_configured
ACC-0829,2025-09-21,integration_connected
ACC-0830,2024-12-04,integration_connected
ACC-0830,2024-12-06,workspace_configured
ACC-0831,2025-05-29,workspace_configured
ACC-0831,2025-06-01,integration_connected
ACC-0832,2025-05-20,workspace_configured
ACC-0832,2025-05-30,integration_connected
ACC-0833,2025-02-27,integration_connected
ACC-0833,2025-03-02,workspace_configured
ACC-0834,2025-07-09,workspace_configured
ACC-0835,2025-07-09,workspace_configured
ACC-0835,2025-07-09,integration_connected
ACC-0836,2025-05-26,workspace_configured
ACC-0837,2025-08-16,workspace_configured
ACC-0837,2025-08-17,integration_connected
ACC-0838,2025-11-17,workspace_configured
ACC-0839,2025-03-24,workspace_configured
ACC-0840,2025-04-27,workspace_configured
ACC-0840,2025-05-07,integration_connected
ACC-0841,2024-07-11,integration_connected
ACC-0841,2024-07-15,workspace_configured
ACC-0842,2025-08-19,workspace_configured
ACC-0842,2025-08-23,integration_connected
ACC-0843,2025-04-11,workspace_configured
ACC-0843,2025-04-19,integration_connected
ACC-0844,2025-02-16,workspace_configured
ACC-0844,2025-02-17,integration_connected
ACC-0845,2024-09-14,workspace_configured
ACC-0845,2024-09-23,integration_connected
ACC-0846,2025-09-02,workspace_configured
ACC-0846,2025-09-11,integration_connected
ACC-0847,2025-02-22,workspace_configured
ACC-0847,2025-02-26,integration_connected
ACC-0848,2025-06-28,workspace_configured
ACC-0848,2025-06-29,integration_connected
ACC-0849,2024-11-06,workspace_configured
ACC-0850,2025-10-26,workspace_configured
ACC-0851,2024-10-26,workspace_configured
ACC-0851,2024-10-31,integration_connected
ACC-0852,2024-11-26,workspace_configured
ACC-0852,2024-12-05,integration_connected
ACC-0853,2025-10-05,workspace_configured
ACC-0853,2025-10-07,integration_connected
ACC-0854,2025-10-06,workspace_configured
ACC-0855,2024-11-26,integration_connected
ACC-0855,2024-12-01,workspace_configured
ACC-0856,2025-03-18,workspace_configured
ACC-0856,2025-03-28,integration_connected
ACC-0857,2025-07-07,workspace_configured
ACC-0857,2025-07-13,integration_connected
ACC-0858,2025-09-09,workspace_configured
ACC-0858,2025-09-11,integration_connected
ACC-0859,2025-02-20,workspace_configured
ACC-0859,2025-02-23,integration_connected
ACC-0860,2025-04-29,workspace_configured
ACC-0861,2025-07-14,workspace_configured
ACC-0861,2025-07-25,integration_connected
ACC-0862,2025-07-29,workspace_configured
ACC-0863,2025-08-13,workspace_configured
ACC-0863,2025-08-14,integration_connected
ACC-0864,2025-05-16,integration_connected
ACC-0864,2025-05-21,workspace_configured
ACC-0865,2024-09-14,workspace_configured
ACC-0865,2024-09-17,integration_connected
ACC-0866,2025-10-10,workspace_configured
ACC-0867,2025-09-28,workspace_configured
ACC-0868,2025-08-29,workspace_configured
ACC-0868,2025-09-01,integration_connected
ACC-0869,2024-09-08,workspace_configured
ACC-0869,2024-09-16,integration_connected
ACC-0870,2024-12-10,workspace_configured
ACC-0871,2025-08-18,workspace_configured
ACC-0872,2024-07-29,workspace_configured
ACC-0872,2024-08-04,integration_connected
ACC-0873,2025-11-08,workspace_configured
ACC-0874,2025-02-08,workspace_configured
ACC-0874,2025-02-16,integration_connected
ACC-0875,2025-08-02,integration_connected
ACC-0875,2025-08-03,workspace_configured
ACC-0876,2025-09-20,workspace_configured
ACC-0876,2025-09-26,integration_connected
ACC-0877,2025-03-08,workspace_configured
ACC-0878,2025-02-03,workspace_configured
ACC-0879,2025-05-19,workspace_configured
ACC-0879,2025-05-26,integration_connected
ACC-0880,2025-05-15,integration_connected
ACC-0880,2025-05-19,workspace_configured
ACC-0881,2025-02-26,workspace_configured
ACC-0882,2025-05-08,workspace_configured
ACC-0882,2025-05-13,integration_connected
ACC-0883,2025-10-13,workspace_configured
ACC-0883,2025-10-24,integration_connected
ACC-0884,2025-03-23,workspace_configured
ACC-0884,2025-04-01,integration_connected
ACC-0885,2024-11-20,workspace_configured
ACC-0885,2024-11-23,integration_connected
ACC-0886,2025-02-21,workspace_configured
ACC-0886,2025-02-24,integration_connected
ACC-0887,2025-02-14,workspace_configured
ACC-0887,2025-02-17,integration_connected
ACC-0888,2024-09-22,integration_connected
ACC-0888,2024-09-23,workspace_configured
ACC-0889,2024-10-23,workspace_configured
ACC-0889,2024-10-31,integration_connected
ACC-0890,2025-08-03,workspace_configured
ACC-0890,2025-08-05,integration_connected
ACC-0891,2025-02-13,workspace_configured
ACC-0892,2025-10-24,workspace_configured
ACC-0892,2025-10-24,integration_connected
ACC-0893,2025-01-01,workspace_configured
ACC-0893,2025-01-04,integration_connected
ACC-0894,2024-10-01,workspace_configured
ACC-0895,2025-07-30,workspace_configured
ACC-0895,2025-08-01,integration_connected
ACC-0896,2025-09-16,integration_connected
ACC-0896,2025-09-17,workspace_configured
ACC-0897,2024-12-08,workspace_configured
ACC-0897,2024-12-15,integration_connected
ACC-0898,2024-11-17,workspace_configured
ACC-0898,2024-11-19,integration_connected
ACC-0899,2024-11-10,integration_connected
ACC-0899,2024-11-12,workspace_configured
ACC-0900,2025-04-05,workspace_configured
ACC-0900,2025-04-08,integration_connected
